{
	"owl" : [
	    {"item" : "<div class=\"article\"><h2>1</h2></div>"},
	    {"item" : "<div class=\"article\"><h2>2</h2></div>"},
	    {"item" : "<div class=\"article\"><h2>3</h2></div>"},
	    {"item" : "<div class=\"article\"><h2>4</h2></div>"},
	    {"item" : "<div class=\"article\"><h2>5</h2></div>"},
	    {"item" : "<div class=\"article\"><h2>6</h2></div>"},
	    {"item" : "<div class=\"article\"><h2>7</h2></div>"},
	    {"item" : "<div class=\"article\"><h2>8</h2></div>"},
	    {"item" : "<div class=\"article\"><h2>9</h2></div>"},
	    {"item" : "<div class=\"article\"><h2>10</h2></div>"}
	]
}